{
  "ground_truth_circuit": {
    "Rsh": 25.88,
    "Ra": 5011.87,
    "Ca": 25.88,
    "Rb": 25.88,
    "Cb": 2.69e-05,
    "frequency_range": [
      15.0,
      25.0
    ]
  },
  "variation_ranges": {
    "Rsh": [
      19.182256000000002,
      32.577743999999996
    ],
    "Ra": [
      5011.86865180697,
      5011.87134819303
    ],
    "Ca": [
      19.41,
      32.35
    ],
    "Rb": [
      20.704,
      31.055999999999997
    ],
    "Cb": [
      2.2865e-05,
      3.0934999999999994e-05
    ]
  },
  "num_variations": 25,
  "frequency_range": [
    15.0,
    25.0
  ],
  "num_frequencies": 50,
  "run_name": "1",
  "grid_mode": false,
  "grid_size": 5,
  "timestamp": "2025-09-26T14:48:10.839904"
}