{
  "ground_truth_circuit": {
    "Rsh": 25.88,
    "Ra": 5011.87,
    "Ca": 2.69e-05,
    "Rb": 5011.87,
    "Cb": 2.69e-05,
    "frequency_range": [
      1.0,
      10000.0
    ]
  },
  "variation_ranges": {
    "Rsh": [
      20.704,
      31.055999999999997
    ],
    "Ra": [
      4260.0895,
      5763.6505
    ],
    "Ca": [
      2.0175e-05,
      3.3625e-05
    ],
    "Rb": [
      4260.0895,
      5763.6505
    ],
    "Cb": [
      2.0175e-05,
      3.3625e-05
    ]
  },
  "num_variations": 100,
  "frequency_range": [
    1.0,
    10000.0
  ],
  "num_frequencies": 50,
  "run_name": "first_test",
  "timestamp": "2025-09-26T14:17:38.199171"
}